{"cameraMode":{"drawMode":0,"name":"Shaded","section":"Shading Mode"},"sceneLighting":false,"audioPlay":false,"sceneViewState":{"showFog":true,"showMaterialUpdate":false,"showSkybox":false,"showFlares":true,"showImageEffects":true,"showParticleSystems":true},"in2DMode":false,"pivot":{"x":7.025766849517822,"y":-3.103426694869995,"z":15.796988487243653},"rotation":{"x":0.6740267872810364,"y":0.2572489082813263,"z":-0.2723463177680969,"w":0.6366626024246216},"size":0.6793935298919678,"orthographic":false}