{"cameraMode":{"drawMode":0,"name":"Shaded","section":"Shading Mode"},"sceneLighting":false,"audioPlay":false,"sceneViewState":{"showFog":true,"showMaterialUpdate":false,"showSkybox":true,"showFlares":true,"showImageEffects":true,"showParticleSystems":true},"in2DMode":false,"pivot":{"x":4.2544636726379398,"y":-2.98706316947937,"z":10.741353988647461},"rotation":{"x":-0.06286800652742386,"y":0.2725037932395935,"z":-0.01785457134246826,"w":-0.9599719643592835},"size":1.3137295246124268,"orthographic":false}