{"cameraMode":{"drawMode":0,"name":"Shaded","section":"Shading Mode"},"sceneLighting":true,"audioPlay":false,"sceneViewState":{"showFog":true,"showMaterialUpdate":false,"showSkybox":true,"showFlares":true,"showImageEffects":true,"showParticleSystems":true},"in2DMode":false,"pivot":{"x":67.5016098022461,"y":-2.821312189102173,"z":33.13638687133789},"rotation":{"x":0.035879239439964297,"y":-0.07906878739595413,"z":0.0028479741886258127,"w":0.9962216019630432},"size":8.851651191711426,"orthographic":false}