{"cameraMode":{"drawMode":0,"name":"Shaded","section":"Shading Mode"},"sceneLighting":false,"audioPlay":false,"sceneViewState":{"showFog":true,"showMaterialUpdate":false,"showSkybox":false,"showFlares":true,"showImageEffects":true,"showParticleSystems":true},"in2DMode":false,"pivot":{"x":-0.03952920436859131,"y":2.4787979125976564,"z":-28.90077781677246},"rotation":{"x":-0.008591486141085625,"y":-0.9906864762306213,"z":0.11433673650026322,"w":-0.07501466572284699},"size":3.4081614017486574,"orthographic":false}