{"cameraMode":{"drawMode":0,"name":"Shaded","section":"Shading Mode"},"sceneLighting":false,"audioPlay":false,"sceneViewState":{"showFog":true,"showMaterialUpdate":false,"showSkybox":false,"showFlares":true,"showImageEffects":true,"showParticleSystems":true},"in2DMode":false,"pivot":{"x":-1.3448859453201295,"y":-0.8894195556640625,"z":0.04213482141494751},"rotation":{"x":-0.019032225012779237,"y":-0.708966851234436,"z":-0.019146759063005449,"w":0.7047255635261536},"size":1.9613828659057618,"orthographic":true}